Customer_ID,Loyalty_Points,Flight_Frequency,Average_Ticket_Price,Delay_Minutes,Booking_Class,Destination_Type
1000,88092,15,390.33,5,Business,Domestic
1001,80423,8,319.64,157,Economy,International
1002,90461,9,764.09,74,First,International
1003,13324,21,762.46,250,Business,Domestic
1004,1723,11,348.76,45,Economy,International
1005,59323,3,885.31,228,Business,International
1006,74811,20,719.43,181,Business,Domestic
1007,14405,14,411.19,82,Economy,Domestic
1008,2365,27,484.74,144,Economy,Domestic
1009,58893,8,754.04,49,First,International
1010,47427,3,290.43,99,Business,Domestic
1011,28338,18,521.88,219,Economy,International
1012,70389,23,688.2,138,Economy,Domestic
1013,5682,14,585.55,13,Business,International
1014,72496,20,647.5,12,Business,International
1015,25727,29,591.59,249,Business,Domestic
1016,25073,8,279.3,171,Economy,International
1017,88077,17,469.18,105,Economy,International
1018,20882,8,578.79,188,First,Domestic
1019,49232,5,802.06,16,Business,International
1020,60556,12,688.51,49,Economy,International
1021,53137,2,483.93,248,Economy,International
1022,46054,17,976.96,226,Business,International
1023,68103,13,197.02,78,Economy,International
1024,25787,22,286.12,271,Business,International
1025,89589,14,407.18,212,Economy,Domestic
1026,63181,9,305.71,16,Business,Domestic
1027,27755,9,662.9,250,Business,Domestic
1028,94335,9,135.6,83,Economy,International
1029,37959,27,259.69,196,Business,Domestic
1030,76254,20,364.01,264,First,Domestic
1031,90076,6,715.01,17,First,International
1032,91633,12,888.28,220,Business,Domestic
1033,89437,10,818.64,234,First,Domestic
1034,95058,22,263.87,175,Economy,International
1035,38903,5,608.87,71,Economy,Domestic
1036,60046,18,127.02,90,Business,Domestic
1037,40519,7,379.48,22,Economy,Domestic
1038,12672,13,825.39,212,Economy,Domestic
1039,8174,1,511.0,293,First,Domestic
1040,19103,6,234.95,127,Economy,Domestic
1041,9061,21,494.7,58,Economy,International
1042,86934,21,278.23,84,First,International
1043,99162,8,453.87,228,Business,Domestic
1044,14265,9,539.05,267,Business,Domestic
1045,40040,7,414.6,111,First,Domestic
1046,96008,10,943.27,115,First,International
1047,18993,29,606.28,237,Economy,Domestic
1048,59219,8,858.6,51,Economy,International
1049,73250,2,784.66,83,Business,International
1050,96303,18,695.05,110,Business,Domestic
1051,38877,28,547.2,199,First,International
1052,85368,15,101.96,218,Economy,Domestic
1053,79285,24,652.12,228,First,International
1054,82424,6,420.36,20,Business,Domestic
1055,17020,24,205.99,175,Business,Domestic
1056,35821,14,500.16,55,First,International
1057,74299,25,762.0,290,Economy,Domestic
1058,47000,25,965.51,299,Economy,International
1059,33851,27,436.69,294,First,Domestic
1060,17025,22,588.45,142,Business,International
1061,92551,24,866.12,225,First,Domestic
1062,16431,18,400.6,7,First,Domestic
1063,85588,24,228.03,123,Economy,Domestic
1064,44179,3,353.69,245,Business,International
1065,42658,1,909.21,100,Business,International
1066,31992,23,243.45,92,Economy,Domestic
1067,46585,1,396.3,253,Business,Domestic
1068,66191,14,518.18,79,Business,Domestic
1069,57401,27,862.4,297,Economy,International
1070,43058,1,943.94,30,Business,Domestic
1071,73108,1,483.23,298,Business,Domestic
1072,57779,4,938.76,281,First,Domestic
1073,36662,29,245.31,11,Business,International
1074,37185,12,241.17,126,First,Domestic
1075,83168,15,954.33,186,First,Domestic
1076,8810,29,558.71,68,First,International
1077,79210,28,267.32,10,Economy,Domestic
1078,52042,4,539.19,22,Economy,International
1079,74416,10,804.89,208,Business,International
1080,79186,11,844.23,214,First,International
1081,35883,6,877.57,122,Business,International
1082,40349,28,612.61,72,Business,International
1083,53215,10,880.25,209,Business,Domestic
1084,39419,12,559.03,273,Business,Domestic
1085,68342,3,646.35,93,Business,Domestic
1086,65806,15,782.85,235,First,Domestic
1087,25871,16,482.89,153,First,Domestic
1088,52846,10,166.22,273,First,Domestic
1089,49991,22,415.15,212,First,Domestic
1090,48136,29,661.55,127,Economy,Domestic
1091,72029,23,273.1,232,First,International
1092,33548,11,233.55,40,First,Domestic
1093,5650,16,363.77,288,First,Domestic
1094,58278,17,128.9,42,Economy,International
1095,45835,14,769.08,269,Business,Domestic
1096,17225,16,332.84,27,Economy,International
1097,46360,14,211.81,269,First,Domestic
1098,67328,6,729.22,73,First,Domestic
1099,96339,10,858.64,144,Economy,International
1100,54343,17,117.89,161,Business,Domestic
1101,65008,23,310.24,245,Economy,International
1102,58573,10,950.71,269,Economy,International
1103,52932,21,446.73,210,First,International
1104,21881,10,944.73,279,Economy,Domestic
1105,34557,14,346.79,222,Economy,International
1106,70730,20,296.26,69,Economy,International
1107,79094,17,292.7,19,Economy,Domestic
1108,92910,9,176.71,120,Economy,International
1109,62324,15,906.79,172,Economy,International
1110,21841,7,981.85,33,First,Domestic
1111,14475,2,959.06,70,First,Domestic
1112,7671,4,866.83,32,First,Domestic
1113,61584,20,862.2,261,First,International
1114,32764,24,694.98,271,Economy,International
1115,54787,18,843.59,108,Economy,Domestic
1116,6961,11,287.51,22,Economy,International
1117,56890,5,449.12,145,Economy,International
1118,64884,26,676.75,13,First,Domestic
1119,6155,8,887.29,35,First,Domestic
1120,99617,22,694.42,270,Economy,Domestic
1121,66768,20,855.12,260,Economy,International
1122,61851,5,526.55,52,Economy,Domestic
1123,10221,2,745.57,47,Economy,International
1124,45566,5,981.98,10,Business,Domestic
1125,90769,3,238.14,257,Business,International
1126,3711,12,934.23,279,Business,Domestic
1127,13531,19,570.13,209,Business,International
1128,11480,7,678.9,11,Economy,International
1129,41708,19,890.08,250,Economy,International
1130,13191,4,468.69,159,Economy,International
1131,60949,23,476.82,35,Business,International
1132,68658,14,574.46,148,Business,International
1133,4779,19,117.19,197,Economy,International
1134,72190,26,547.0,245,Business,Domestic
1135,77705,26,361.98,203,First,International
1136,67708,29,935.16,43,Business,International
1137,8317,18,178.96,205,Business,International
1138,57896,26,513.39,240,Business,International
1139,1159,7,952.72,40,Business,International
1140,58115,15,910.93,75,Economy,Domestic
1141,68665,21,731.21,201,First,Domestic
1142,20462,1,630.42,94,Economy,Domestic
1143,85149,12,352.66,27,Business,International
1144,3917,26,430.26,143,Business,International
1145,20397,29,181.12,58,Business,International
1146,27125,24,807.5,128,Business,Domestic
1147,72862,19,391.48,0,Business,Domestic
1148,61729,27,701.0,286,First,Domestic
1149,48277,23,421.84,21,Economy,International
1150,15349,6,517.9,225,Business,International
1151,61715,26,599.5,203,First,International
1152,35728,28,821.67,186,Economy,International
1153,31792,13,290.04,283,Economy,Domestic
1154,8902,6,458.89,26,Economy,Domestic
1155,80569,13,217.07,128,Business,Domestic
1156,36158,15,168.18,94,Business,Domestic
1157,4917,29,644.21,65,First,Domestic
1158,94947,16,270.18,176,First,International
1159,80742,8,153.82,274,Economy,Domestic
1160,13620,13,907.39,155,Business,International
1161,78358,13,580.88,18,Economy,International
1162,74890,28,221.17,57,Economy,Domestic
1163,25691,29,148.08,272,First,Domestic
1164,90490,20,207.87,197,Business,International
1165,71734,20,524.2,78,First,International
1166,27046,12,701.62,40,Business,International
1167,23386,19,677.15,225,Economy,International
1168,12271,17,229.98,260,Economy,Domestic
1169,22526,26,670.14,244,Economy,International
1170,44798,3,464.38,22,Business,Domestic
1171,26257,15,518.27,196,Economy,Domestic
1172,58985,17,821.29,235,Business,Domestic
1173,54130,6,399.25,125,Business,Domestic
1174,75396,24,232.3,265,First,International
1175,27645,19,886.11,139,Economy,International
1176,25189,12,290.92,126,First,Domestic
1177,82298,4,364.63,285,Business,International
1178,1968,21,735.93,113,Economy,Domestic
1179,6800,23,715.2,12,Economy,Domestic
1180,25229,12,820.36,227,Business,International
1181,59524,27,265.48,8,Economy,International
1182,97585,22,417.05,145,Business,International
1183,30717,2,213.29,162,Economy,International
1184,88303,7,586.94,222,Economy,Domestic
1185,74006,16,363.31,215,Business,Domestic
1186,64238,24,720.04,168,First,Domestic
1187,5819,12,100.31,25,Business,International
1188,57784,16,153.71,124,Economy,International
1189,88175,14,489.3,299,Business,Domestic
1190,70836,1,962.37,249,Business,International
1191,47935,22,901.77,9,Business,Domestic
1192,49429,27,994.61,104,Economy,Domestic
1193,90329,9,475.15,105,First,Domestic
1194,77607,7,141.91,0,First,International
1195,4998,5,375.36,181,Economy,International
1196,42750,29,708.19,140,First,Domestic
1197,6180,10,221.65,229,Business,International
1198,79288,27,369.97,63,Business,International
1199,31513,10,150.55,77,First,International
1200,18879,25,527.47,231,First,Domestic
1201,90898,18,288.03,86,First,International
1202,62833,7,182.12,182,Business,International
1203,15316,25,470.09,145,Business,International
1204,94180,18,416.1,91,Economy,Domestic
1205,77435,13,583.77,122,Economy,Domestic
1206,25525,11,774.13,275,Business,Domestic
1207,6378,10,201.31,63,Business,International
1208,49669,22,812.01,218,Economy,Domestic
1209,3577,9,123.66,191,Economy,International
1210,22690,15,498.79,106,Business,Domestic
1211,59514,14,628.69,246,First,International
1212,82177,3,961.3,56,Business,Domestic
1213,61962,24,616.53,44,First,Domestic
1214,70195,14,242.87,85,Business,International
1215,78383,21,565.79,37,Economy,Domestic
1216,88288,16,456.21,181,Economy,International
1217,82976,23,531.42,163,Economy,International
1218,76620,29,277.39,244,Business,International
1219,74008,28,550.74,125,Business,International
1220,19953,3,235.04,206,Business,International
1221,64188,8,769.64,266,First,International
1222,87000,2,634.52,86,Business,Domestic
1223,62800,29,170.67,144,First,Domestic
1224,89297,24,900.65,121,First,Domestic
1225,84868,2,654.74,97,First,Domestic
1226,83142,23,384.5,288,Economy,Domestic
1227,43599,18,141.08,132,First,Domestic
1228,95534,7,669.0,64,First,International
1229,38985,17,436.1,198,Economy,International
1230,14537,6,916.86,124,First,International
1231,43717,10,131.39,207,Business,Domestic
1232,10027,7,135.19,207,Business,International
1233,3536,4,954.37,299,Economy,International
1234,3525,11,968.39,120,Economy,International
1235,10176,16,124.97,141,First,International
1236,84277,27,744.43,56,First,Domestic
1237,71423,17,299.35,144,First,International
1238,90642,28,731.25,43,Economy,International
1239,81383,6,881.86,131,First,International
1240,77788,20,190.75,80,Business,Domestic
1241,71013,19,314.89,29,Business,Domestic
1242,18755,20,121.67,208,First,International
1243,20608,22,139.45,242,Economy,International
1244,60843,21,126.66,182,Business,Domestic
1245,53513,18,820.61,157,Economy,Domestic
1246,82631,15,368.46,145,Business,International
1247,72640,2,543.89,232,First,Domestic
1248,21693,19,809.06,91,First,Domestic
1249,58908,27,545.45,171,Economy,Domestic
1250,95939,6,486.28,189,First,International
1251,13726,12,110.42,30,Economy,Domestic
1252,7898,1,611.24,108,Economy,Domestic
1253,84508,27,212.27,271,Business,International
1254,45945,23,788.18,94,Business,International
1255,46684,24,331.96,76,First,International
1256,45874,23,706.77,150,Economy,Domestic
1257,79218,11,681.6,141,Business,Domestic
1258,70878,19,655.01,230,First,International
1259,49008,22,340.26,257,First,International
1260,4362,4,340.38,127,Business,International
1261,81119,21,876.74,223,First,International
1262,35404,19,111.53,183,Business,International
1263,12104,21,263.37,279,Economy,Domestic
1264,27048,6,649.15,292,First,Domestic
1265,18628,8,835.34,28,Economy,International
1266,78465,28,422.51,297,Business,Domestic
1267,93210,22,688.1,17,Economy,International
1268,14268,9,601.44,130,Business,Domestic
1269,88226,10,158.09,268,First,Domestic
1270,96756,10,659.58,105,First,International
1271,65734,10,832.51,156,First,International
1272,11704,26,993.2,58,Economy,International
1273,71050,4,126.68,91,Economy,International
1274,25834,18,694.05,259,Economy,Domestic
1275,49308,12,473.09,50,Business,Domestic
1276,85278,25,108.81,132,First,International
1277,97428,11,652.92,166,Economy,Domestic
1278,61737,16,210.18,296,Business,International
1279,62122,19,440.71,4,Economy,International
1280,94523,11,335.23,135,Business,International
1281,39383,23,425.05,225,First,International
1282,51420,4,543.43,183,Economy,International
1283,15840,12,423.29,90,First,Domestic
1284,25771,28,597.46,188,Economy,Domestic
1285,29733,17,314.78,132,Business,Domestic
1286,20480,24,671.83,171,First,International
1287,86555,13,868.39,249,Economy,International
1288,17945,28,301.66,60,Economy,Domestic
1289,12641,4,557.09,49,First,Domestic
1290,16232,27,683.82,222,Business,International
1291,45326,6,608.16,171,First,Domestic
1292,77851,7,429.08,224,Economy,International
1293,44851,8,677.98,190,First,International
1294,25615,26,125.42,264,First,International
1295,24255,2,432.92,243,Business,Domestic
1296,31709,9,579.35,78,Business,International
1297,57173,10,118.55,21,First,International
1298,88891,29,556.88,35,Business,Domestic
1299,58028,19,688.83,155,Business,International
1300,91899,1,783.29,55,Economy,International
1301,11068,16,202.04,247,Business,Domestic
1302,43089,18,991.51,260,First,Domestic
1303,46832,8,645.55,259,First,International
1304,7822,10,426.87,14,Economy,Domestic
1305,21893,22,324.18,187,Economy,Domestic
1306,79033,11,615.61,25,Economy,International
1307,98337,17,893.54,22,First,International
1308,15251,27,568.51,102,First,International
1309,89106,25,695.32,28,Business,International
1310,44145,7,421.93,56,Economy,International
1311,86480,26,449.34,61,Business,International
1312,72215,27,357.56,47,Business,Domestic
1313,52837,3,735.07,34,First,International
1314,40380,29,423.27,45,Business,Domestic
1315,22205,7,271.64,32,Economy,Domestic
1316,82808,6,432.46,225,Economy,International
1317,57959,3,868.44,265,First,Domestic
1318,67948,8,764.43,215,First,International
1319,68785,1,401.18,216,First,Domestic
1320,68775,5,916.13,175,Economy,Domestic
1321,54354,24,167.35,43,First,Domestic
1322,79150,19,144.78,218,Economy,Domestic
1323,89813,27,214.72,125,Business,Domestic
1324,75371,13,204.81,199,First,Domestic
1325,30028,26,179.05,84,First,International
1326,65082,11,695.21,40,First,Domestic
1327,60892,28,640.76,210,Economy,International
1328,15803,22,682.84,38,Business,International
1329,79331,26,719.53,268,First,Domestic
1330,16653,11,781.19,180,Business,Domestic
1331,21674,2,286.46,230,First,Domestic
1332,87062,9,660.07,69,Economy,International
1333,43345,2,622.04,75,Business,Domestic
1334,40920,21,949.29,275,Business,International
1335,33614,19,309.13,233,First,Domestic
1336,19968,26,152.85,135,Business,Domestic
1337,84521,12,688.15,153,Economy,International
1338,55850,9,766.16,293,Business,Domestic
1339,63148,9,354.88,98,Business,International
1340,61661,23,613.76,129,Business,Domestic
1341,18191,10,153.58,6,Business,Domestic
1342,98444,5,964.04,104,First,Domestic
1343,60610,9,198.93,49,First,Domestic
1344,46252,23,160.81,223,Business,Domestic
1345,95608,18,139.7,63,Business,International
1346,13093,10,484.54,180,Economy,International
1347,74701,17,187.44,74,First,International
1348,87091,26,770.18,265,First,International
1349,27025,10,908.99,188,First,International
1350,79110,14,334.2,182,Business,Domestic
1351,35336,4,665.9,67,First,Domestic
1352,92434,10,138.1,169,Economy,Domestic
1353,26436,24,447.91,171,Economy,Domestic
1354,43690,22,363.65,283,Economy,Domestic
1355,89357,18,305.76,106,Economy,International
1356,71440,5,680.25,110,Economy,International
1357,29094,9,217.21,77,First,International
1358,64399,6,874.64,185,Business,International
1359,5509,16,698.35,252,Business,International
1360,71062,22,739.66,235,Business,Domestic
1361,39677,23,941.81,92,Business,Domestic
1362,55501,16,948.14,129,First,Domestic
1363,36935,29,596.49,182,First,Domestic
1364,76646,11,545.84,33,First,International
1365,68050,21,401.84,221,Economy,International
1366,18795,15,744.01,281,Business,Domestic
1367,94148,19,584.39,0,First,Domestic
1368,41492,3,939.59,96,First,Domestic
1369,5167,16,314.76,86,First,Domestic
1370,83942,21,379.23,251,Business,Domestic
1371,95739,20,384.48,14,Business,Domestic
1372,52910,5,825.4,141,Economy,International
1373,95784,9,189.14,288,Economy,International
1374,10304,5,510.08,69,Economy,International
1375,60289,4,484.82,278,Business,International
1376,5808,13,165.83,53,Economy,Domestic
1377,94991,20,469.72,251,Economy,Domestic
1378,75369,17,562.04,246,First,Domestic
1379,32897,26,158.59,133,Business,Domestic
1380,76965,20,558.88,243,Economy,International
1381,5907,12,963.31,238,Economy,Domestic
1382,78214,20,981.02,16,Business,Domestic
1383,69761,25,578.51,278,Economy,International
1384,2014,27,563.59,232,Business,Domestic
1385,73304,20,356.96,153,Business,International
1386,68557,7,997.4,185,Business,Domestic
1387,52828,1,346.81,82,Economy,International
1388,59884,16,507.61,54,Economy,International
1389,75398,7,102.64,61,Economy,Domestic
1390,69120,2,414.31,58,Business,Domestic
1391,5942,12,164.3,141,Economy,International
1392,63681,11,769.44,148,First,Domestic
1393,8370,8,604.91,173,Business,International
1394,45132,1,614.95,61,Economy,Domestic
1395,14672,26,357.86,166,Business,International
1396,53934,3,833.41,169,Economy,Domestic
1397,57209,8,102.94,102,Business,International
1398,74905,26,400.24,27,First,International
1399,9467,8,693.55,83,Business,Domestic
1400,27935,11,917.13,133,Business,Domestic
1401,47721,29,311.15,58,Business,International
1402,86401,21,586.99,89,Economy,International
1403,63230,5,584.19,69,Business,International
1404,12551,8,886.76,184,Economy,Domestic
1405,55924,26,145.47,59,Business,International
1406,49652,21,482.03,144,Economy,International
1407,43384,9,264.22,167,Economy,Domestic
1408,55488,17,119.38,65,Economy,International
1409,97953,5,232.33,123,Economy,Domestic
1410,49597,19,978.82,212,Business,International
1411,54274,19,293.36,181,Business,Domestic
1412,8897,2,941.53,70,Economy,Domestic
1413,69005,19,284.73,43,Economy,Domestic
1414,94197,23,938.17,194,Economy,Domestic
1415,48604,15,689.16,56,First,Domestic
1416,98933,8,201.9,291,First,Domestic
1417,40819,28,623.72,56,Business,International
1418,88363,24,386.66,170,First,Domestic
1419,10782,27,444.84,299,First,International
1420,31398,8,496.15,82,Economy,Domestic
1421,54532,1,480.44,93,Economy,Domestic
1422,26688,14,697.7,266,First,International
1423,26644,11,791.53,160,First,Domestic
1424,82539,7,396.26,101,First,International
1425,41433,18,931.93,111,Economy,International
1426,21033,27,944.62,65,Business,International
1427,51966,15,136.62,109,First,Domestic
1428,4907,10,113.42,119,Business,International
1429,37499,4,482.56,278,Business,International
1430,93304,21,631.58,241,First,International
1431,81819,28,350.11,147,Business,Domestic
1432,74221,1,333.47,241,Economy,Domestic
1433,9273,14,710.5,221,First,Domestic
1434,63419,20,641.53,270,First,Domestic
1435,45666,20,250.43,285,First,Domestic
1436,14478,25,896.05,3,First,International
1437,96980,9,711.98,7,Economy,International
1438,77904,13,426.32,51,Economy,International
1439,76553,29,715.26,141,Business,International
1440,97215,27,201.39,266,First,Domestic
1441,9273,26,521.43,279,First,Domestic
1442,50245,17,252.09,87,Business,Domestic
1443,91106,24,137.29,159,Economy,Domestic
1444,47400,20,404.49,27,First,International
1445,99646,4,235.66,15,Business,International
1446,40708,5,670.17,297,Economy,International
1447,33552,18,706.66,271,Business,Domestic
1448,52560,17,233.82,99,Business,International
1449,27430,21,122.15,203,Economy,International
1450,29575,7,813.53,189,First,Domestic
1451,59433,10,101.85,33,Economy,Domestic
1452,50775,9,409.52,293,First,International
1453,44436,28,545.12,277,Economy,Domestic
1454,53624,28,836.78,258,First,International
1455,33938,13,854.7,256,First,International
1456,27358,18,752.45,52,Business,International
1457,9769,12,322.48,191,Business,International
1458,74795,8,748.17,171,First,International
1459,96265,23,321.89,46,Economy,Domestic
1460,74728,18,293.15,190,First,Domestic
1461,18285,5,592.42,40,Economy,Domestic
1462,23287,7,710.97,193,First,International
1463,48361,15,147.75,65,Economy,International
1464,46805,3,154.02,42,Business,Domestic
1465,32347,18,805.75,189,Economy,Domestic
1466,9986,6,873.55,88,Business,Domestic
1467,3066,26,644.0,175,Economy,International
1468,43779,29,485.95,25,Business,Domestic
1469,97290,6,860.78,98,Economy,Domestic
1470,58714,27,755.94,60,First,International
1471,85458,20,621.63,249,Economy,Domestic
1472,57112,1,387.78,224,Business,Domestic
1473,60032,21,278.2,81,Business,International
1474,95964,17,476.81,181,Economy,International
1475,20705,11,358.14,187,First,Domestic
1476,25104,27,405.33,43,Economy,International
1477,96568,24,564.07,258,Economy,Domestic
1478,77456,2,252.18,97,Business,Domestic
1479,43125,25,825.56,90,First,Domestic
1480,59852,9,230.98,140,First,Domestic
1481,80959,19,532.89,251,First,International
1482,38326,6,771.37,207,First,International
1483,99226,25,536.52,178,Economy,International
1484,46536,7,424.92,297,First,Domestic
1485,55070,4,527.4,186,First,Domestic
1486,26099,3,863.8,109,First,Domestic
1487,34006,2,991.39,218,Business,International
1488,25810,10,668.03,2,Business,Domestic
1489,89250,10,814.1,40,Business,Domestic
1490,98894,17,113.04,124,First,Domestic
1491,98569,27,892.33,256,Economy,International
1492,8388,16,958.64,192,Economy,Domestic
1493,92631,26,617.65,114,Business,Domestic
1494,60247,27,778.42,69,Business,International
1495,76962,1,561.47,96,First,International
1496,74153,12,357.58,215,Business,Domestic
1497,41850,20,867.02,223,Business,Domestic
1498,80458,20,637.15,280,Business,International
1499,26511,25,621.44,128,Business,International
1500,59612,10,693.22,98,Economy,International
1501,40224,1,870.4,269,First,Domestic
1502,26394,16,758.72,246,Economy,International
1503,94679,11,290.01,185,Business,Domestic
1504,54269,4,520.14,243,First,International
1505,60459,3,982.27,37,First,Domestic
1506,68975,25,599.1,256,Economy,Domestic
1507,94499,13,944.42,247,Economy,International
1508,11019,21,832.03,132,Business,International
1509,23470,15,699.42,43,Economy,Domestic
1510,54976,25,414.43,192,Business,International
1511,93727,10,373.89,56,Business,Domestic
1512,49003,6,679.08,247,Business,Domestic
1513,92885,11,489.31,103,First,International
1514,74927,25,818.88,44,First,Domestic
1515,30658,1,784.41,59,Economy,International
1516,74905,29,380.92,65,Economy,Domestic
1517,75658,20,732.46,222,First,Domestic
1518,12928,4,545.1,46,Economy,International
1519,35804,26,390.96,237,Business,Domestic
1520,52243,10,471.67,25,Business,Domestic
1521,39318,22,905.82,93,First,Domestic
1522,48812,26,423.57,109,Economy,International
1523,46048,15,358.66,260,Economy,International
1524,43875,29,416.63,253,First,Domestic
1525,25591,1,293.16,294,Business,Domestic
1526,14891,26,590.17,39,Business,Domestic
1527,8721,21,232.69,291,Economy,International
1528,85077,15,835.7,253,First,Domestic
1529,27152,3,303.02,96,First,Domestic
1530,50457,1,638.25,25,Business,International
1531,73659,6,212.52,103,Business,International
1532,72348,19,980.61,102,Economy,Domestic
1533,37112,4,509.12,74,First,International
1534,21840,12,839.95,84,Economy,Domestic
1535,2208,25,791.78,213,Economy,International
1536,19242,2,742.32,112,First,International
1537,85623,17,844.63,56,First,International
1538,2971,26,190.42,100,Business,International
1539,30795,6,710.65,249,First,Domestic
1540,1983,12,339.24,134,Economy,Domestic
1541,96477,15,807.28,140,Economy,International
1542,12502,17,961.18,83,First,Domestic
1543,29577,1,911.34,206,Economy,Domestic
1544,11354,14,203.46,229,First,Domestic
1545,68663,23,432.6,60,Business,International
1546,86559,2,427.89,216,Business,International
1547,95386,4,210.07,55,First,Domestic
1548,24860,20,188.31,28,Economy,Domestic
1549,34328,2,446.4,110,First,Domestic
1550,73188,22,992.86,91,First,Domestic
1551,97515,26,612.05,141,Business,International
1552,43769,14,659.6,101,First,Domestic
1553,21771,18,523.92,70,Business,Domestic
1554,53084,28,696.1,12,Business,Domestic
1555,42250,8,961.0,156,First,Domestic
1556,48867,20,629.83,80,First,Domestic
1557,79417,1,158.53,99,First,International
1558,51580,16,543.6,82,First,International
1559,18331,7,993.48,217,Business,International
1560,77255,6,448.66,236,First,International
1561,9572,28,634.49,124,Business,International
1562,10896,22,195.97,200,Business,Domestic
1563,34077,27,227.06,1,Economy,International
1564,86334,19,887.21,61,Business,International
1565,72325,10,370.31,19,Economy,International
1566,76226,23,374.91,209,First,Domestic
1567,47221,6,448.49,179,Economy,Domestic
1568,42620,26,969.83,61,First,Domestic
1569,86367,10,175.95,272,Business,Domestic
1570,92609,25,836.89,294,Economy,International
1571,11264,19,407.4,240,First,International
1572,17049,3,864.52,250,First,International
1573,78164,20,992.58,9,Economy,Domestic
1574,68678,3,413.8,186,Economy,International
1575,81379,20,216.42,109,First,International
1576,30236,6,229.94,27,First,Domestic
1577,22123,17,782.87,60,Business,Domestic
1578,27007,18,230.43,57,First,International
1579,81361,10,334.38,299,Economy,International
1580,11142,6,283.96,251,First,International
1581,29498,28,420.11,255,First,International
1582,34226,13,166.93,144,Economy,International
1583,41348,6,871.07,78,Business,International
1584,28524,12,874.13,293,First,Domestic
1585,50489,14,471.64,285,Economy,Domestic
1586,16298,17,650.88,287,Economy,International
1587,13135,22,677.76,213,Economy,Domestic
1588,73916,27,774.33,19,Economy,International
1589,93125,28,568.62,229,Business,International
1590,99002,25,559.3,63,Economy,Domestic
1591,37788,8,668.17,35,First,Domestic
1592,25920,26,732.74,210,Business,International
1593,63015,5,412.02,170,Economy,Domestic
1594,64010,29,397.33,25,First,International
1595,6643,4,342.75,262,Business,Domestic
1596,51094,6,593.96,289,First,International
1597,17729,11,424.14,163,Business,Domestic
1598,54046,28,586.28,61,Economy,International
1599,62039,5,465.39,85,First,Domestic
1600,42284,29,853.06,72,Economy,Domestic
1601,73146,22,165.82,59,Business,Domestic
1602,85058,14,614.99,177,Economy,International
1603,87309,10,618.06,51,Economy,Domestic
1604,12804,11,445.35,144,First,Domestic
1605,58867,3,478.92,76,Economy,International
1606,8816,23,820.12,118,Economy,International
1607,28473,8,352.61,208,Economy,Domestic
1608,12932,21,884.26,181,Business,Domestic
1609,50410,5,906.71,137,First,Domestic
1610,84030,28,685.56,124,First,Domestic
1611,24709,20,795.57,152,Economy,International
1612,96725,26,651.65,17,First,Domestic
1613,97441,21,572.73,63,Business,International
1614,7487,28,970.01,235,Business,International
1615,18204,10,354.39,78,Economy,Domestic
1616,6988,27,238.74,58,Economy,International
1617,28364,8,358.74,250,Business,Domestic
1618,39403,21,653.16,60,Business,International
1619,22048,9,266.67,117,Business,International
1620,8093,29,917.93,78,Economy,International
1621,84483,28,469.92,236,Business,Domestic
1622,97271,29,864.97,170,Economy,International
1623,30196,15,324.31,243,Business,International
1624,23727,1,381.85,207,Business,International
1625,43167,23,153.3,86,First,International
1626,25884,5,331.99,138,Business,International
1627,35607,15,541.28,87,Economy,International
1628,74211,4,951.52,132,Business,Domestic
1629,45312,19,450.01,38,First,International
1630,41769,28,675.77,175,Business,International
1631,10575,10,484.94,79,Business,Domestic
1632,36074,23,142.11,19,Business,International
1633,92292,28,553.18,220,Economy,International
1634,11664,2,159.32,274,Business,Domestic
1635,81650,5,895.33,187,Business,Domestic
1636,88060,18,777.73,153,Business,International
1637,77695,23,440.79,142,First,International
1638,14299,6,676.2,250,Economy,International
1639,29032,29,200.83,211,Economy,International
1640,42397,10,732.3,148,First,Domestic
1641,66991,15,840.46,174,Economy,International
1642,56919,23,839.57,171,First,Domestic
1643,59447,28,355.85,133,Business,International
1644,66498,9,337.37,115,Economy,Domestic
1645,45572,13,569.26,202,Business,International
1646,71274,18,970.99,294,Business,Domestic
1647,98802,25,928.47,145,Economy,Domestic
1648,17775,7,423.67,237,Business,Domestic
1649,36389,2,801.85,227,Business,Domestic
1650,82254,16,929.19,254,First,Domestic
1651,7176,26,334.83,291,Economy,International
1652,49263,2,847.27,155,Business,International
1653,10112,4,341.11,242,First,International
1654,88639,2,408.95,206,Economy,Domestic
1655,28033,17,278.94,253,Business,Domestic
1656,20984,6,556.37,257,Business,International
1657,32742,10,858.98,72,Business,Domestic
1658,71044,14,575.25,34,Business,Domestic
1659,40210,27,211.1,128,Business,Domestic
1660,57806,15,326.6,187,Economy,Domestic
1661,60132,21,606.58,94,Economy,International
1662,72752,12,624.87,219,First,International
1663,25269,19,619.22,124,First,International
1664,66796,11,169.3,184,First,Domestic
1665,7833,1,778.33,36,Economy,International
1666,10527,25,918.49,262,Economy,Domestic
1667,6944,8,559.47,109,Economy,International
1668,23518,22,746.95,177,Business,International
1669,89795,6,922.61,141,Economy,Domestic
1670,96396,12,678.36,133,Economy,International
1671,98095,20,706.89,148,Business,Domestic
1672,34102,16,749.26,287,First,International
1673,8669,29,334.45,257,First,International
1674,26379,18,624.41,38,First,International
1675,24712,12,857.96,282,Business,International
1676,20191,20,366.55,13,Business,International
1677,14259,2,907.45,280,Business,International
1678,38958,29,658.34,52,Economy,Domestic
1679,26516,7,480.86,10,First,International
1680,36931,9,660.86,162,Business,International
1681,75630,29,461.67,182,Business,Domestic
1682,12624,18,854.23,185,First,Domestic
1683,24872,9,534.09,36,First,International
1684,33791,25,911.09,8,Economy,International
1685,5652,8,558.83,27,First,Domestic
1686,36516,1,694.33,173,Business,International
1687,92508,5,997.97,126,Economy,International
1688,9095,16,232.27,69,First,International
1689,69893,14,763.06,282,Economy,Domestic
1690,78632,26,224.99,265,Business,International
1691,9095,13,854.98,150,Business,Domestic
1692,77216,29,636.81,148,Business,International
1693,56124,11,944.34,217,Business,Domestic
1694,29242,20,879.36,125,Economy,Domestic
1695,27333,23,167.38,2,Economy,International
1696,14169,13,223.57,186,Business,Domestic
1697,91075,27,641.05,42,Economy,Domestic
1698,60222,15,566.48,98,Business,International
1699,88258,24,251.71,262,Business,Domestic
1700,19916,26,216.42,189,First,Domestic
1701,39105,27,607.59,41,Economy,Domestic
1702,70309,16,144.03,96,First,Domestic
1703,49194,13,886.36,259,Business,International
1704,60422,8,826.37,217,First,International
1705,56617,18,806.83,135,Business,International
1706,96481,19,114.4,144,Business,Domestic
1707,22045,29,142.88,4,Business,International
1708,68593,26,594.86,135,Economy,Domestic
1709,18061,15,994.98,6,Business,International
1710,79674,10,408.08,36,Business,Domestic
1711,36742,23,409.94,66,Economy,International
1712,25860,4,220.85,4,Economy,Domestic
1713,82439,6,706.9,272,Business,Domestic
1714,55800,8,682.01,57,Economy,Domestic
1715,95578,24,191.19,154,Business,Domestic
1716,40212,7,520.67,112,First,International
1717,19224,29,700.37,91,Economy,Domestic
1718,68414,12,544.16,243,First,Domestic
1719,76338,18,706.93,283,Business,Domestic
1720,29538,18,834.64,88,Economy,International
1721,90139,19,717.23,177,Economy,International
1722,16037,4,654.5,227,Business,International
1723,12690,1,868.23,66,Economy,Domestic
1724,11323,5,910.53,121,Economy,Domestic
1725,4314,7,450.0,158,Economy,International
1726,47185,28,255.92,267,First,Domestic
1727,35146,26,836.07,182,Business,International
1728,15356,11,292.38,3,Business,Domestic
1729,77805,21,936.06,120,Business,Domestic
1730,6340,23,120.59,229,Economy,International
1731,45852,21,929.14,297,Economy,Domestic
1732,63550,11,630.26,218,Economy,Domestic
1733,43675,10,797.27,181,Business,Domestic
1734,99756,24,458.64,277,First,International
1735,1392,7,992.54,256,Business,Domestic
1736,72007,16,304.8,42,Business,Domestic
1737,51421,1,337.91,17,First,Domestic
1738,9137,27,146.29,197,Economy,Domestic
1739,14997,1,946.43,176,Economy,International
1740,85970,12,510.43,75,Business,International
1741,31278,16,707.37,180,First,International
1742,11397,5,718.7,149,Business,Domestic
1743,32530,14,887.05,81,Business,International
1744,49364,18,698.43,9,First,International
1745,5794,9,605.82,279,First,Domestic
1746,90330,2,739.29,211,Economy,Domestic
1747,83085,12,775.87,139,Business,Domestic
1748,72899,25,267.34,259,First,International
1749,9079,10,198.7,227,First,Domestic
1750,78568,2,167.36,4,First,International
1751,68041,15,436.65,82,First,Domestic
1752,10448,4,548.2,5,Business,International
1753,79776,19,654.08,151,Business,Domestic
1754,60606,22,962.23,222,Business,Domestic
1755,41177,4,397.71,180,First,International
1756,97275,25,784.79,262,Economy,Domestic
1757,33977,9,578.22,265,First,International
1758,21177,13,298.08,166,Business,Domestic
1759,54673,10,653.77,77,Business,International
1760,20431,14,970.46,41,Business,International
1761,68655,25,211.88,61,Economy,Domestic
1762,1177,3,556.55,277,Economy,Domestic
1763,11226,3,146.45,30,Business,Domestic
1764,91410,20,389.09,3,First,International
1765,97521,16,658.54,108,Business,International
1766,93679,9,856.95,92,Business,International
1767,13231,14,757.3,98,Economy,International
1768,50426,22,516.57,191,Economy,International
1769,80552,16,918.3,211,Economy,International
1770,80670,9,372.44,82,Economy,International
1771,53147,24,778.59,206,Business,Domestic
1772,15082,23,526.61,114,First,International
1773,74311,29,908.77,251,Business,Domestic
1774,17175,5,817.69,60,Business,International
1775,15133,13,911.32,252,First,International
1776,63877,15,292.82,78,Business,International
1777,23427,25,701.34,195,First,Domestic
1778,58832,4,764.62,261,Economy,International
1779,15837,14,768.17,295,Economy,International
1780,11546,20,553.6,235,Economy,International
1781,91528,24,110.13,168,First,Domestic
1782,11748,20,335.29,6,Business,Domestic
1783,92032,7,390.97,21,Economy,International
1784,68089,4,866.83,71,Economy,International
1785,61029,27,856.8,105,Business,International
1786,26241,17,194.21,138,Economy,Domestic
1787,62445,26,954.85,29,Economy,International
1788,3469,9,264.21,88,First,International
1789,50067,4,472.92,152,Business,International
1790,2474,3,293.64,72,First,Domestic
1791,49554,19,874.3,237,Economy,International
1792,32109,9,774.46,250,Economy,International
1793,23861,8,418.18,7,Business,Domestic
1794,34105,26,713.69,206,Economy,International
1795,58612,7,265.93,257,First,International
1796,96608,7,444.07,283,First,International
1797,72500,4,439.4,138,Business,Domestic
1798,36596,19,314.14,45,Business,Domestic
1799,73008,12,888.68,125,Economy,International
1800,86893,20,710.96,20,Business,Domestic
1801,89581,6,351.95,169,Business,International
1802,73100,12,317.91,31,Economy,International
1803,2336,29,116.16,149,Economy,Domestic
1804,44316,20,411.92,205,First,Domestic
1805,48917,4,574.09,20,First,Domestic
1806,81717,2,349.94,289,Business,International
1807,35435,15,730.41,137,Economy,International
1808,95142,23,470.57,64,Business,International
1809,67748,6,384.69,64,First,International
1810,3768,18,945.15,87,Business,Domestic
1811,96273,21,336.52,42,First,International
1812,65077,22,458.43,140,First,Domestic
1813,28634,5,444.06,3,Business,International
1814,55928,4,317.08,278,First,International
1815,50596,11,295.73,40,First,Domestic
1816,76125,11,372.14,89,Economy,Domestic
1817,54533,9,877.81,255,Business,International
1818,93330,3,790.37,144,Business,Domestic
1819,37444,11,712.9,183,Business,International
1820,85230,2,511.39,118,First,International
1821,73621,9,556.98,112,First,International
1822,19211,24,340.42,290,First,International
1823,23669,25,166.88,248,Business,Domestic
1824,86139,10,397.94,91,Economy,Domestic
1825,55711,11,546.03,58,Business,Domestic
1826,89691,3,151.58,268,Business,Domestic
1827,71047,17,179.41,93,Business,International
1828,84992,11,336.72,253,Economy,International
1829,89690,17,430.37,174,Business,Domestic
1830,95301,19,453.99,2,Economy,Domestic
1831,56480,4,206.1,20,Economy,Domestic
1832,85250,2,303.24,103,Business,International
1833,34453,24,335.48,268,Business,Domestic
1834,34452,14,160.87,208,Business,International
1835,48769,29,393.49,95,First,Domestic
1836,94049,15,165.0,92,Economy,Domestic
1837,98071,28,733.11,44,Business,International
1838,94823,3,447.44,61,Economy,International
1839,9532,29,394.08,29,First,Domestic
1840,13891,20,213.87,269,First,Domestic
1841,64246,22,303.85,9,Business,International
1842,34501,26,309.43,5,Economy,International
1843,2496,13,986.68,18,First,International
1844,16154,22,851.81,11,First,International
1845,77682,13,113.74,191,Economy,International
1846,59475,18,655.15,102,First,Domestic
1847,6450,22,330.32,249,Economy,International
1848,38403,20,193.94,243,Business,Domestic
1849,84652,21,735.04,194,Economy,International
1850,47791,7,218.44,264,Business,International
1851,28289,23,499.37,133,Economy,Domestic
1852,56679,16,668.95,176,First,Domestic
1853,24109,16,599.05,98,Business,International
1854,44439,22,979.87,29,Economy,International
1855,25415,26,807.17,290,Business,International
1856,84339,6,796.77,62,Economy,Domestic
1857,11181,6,420.04,27,Economy,Domestic
1858,99252,4,107.56,145,Business,International
1859,71246,3,760.97,287,Business,Domestic
1860,29395,1,999.76,68,Business,International
1861,80036,3,465.29,251,First,Domestic
1862,35209,19,986.97,161,Economy,International
1863,36158,9,227.54,109,Economy,International
1864,67920,14,366.86,131,Business,International
1865,19540,19,253.65,270,Economy,Domestic
1866,5396,24,527.66,187,Economy,International
1867,2391,24,817.28,19,Economy,International
1868,57574,19,406.6,275,Business,Domestic
1869,17652,26,915.61,176,Economy,Domestic
1870,86837,26,590.35,98,Economy,International
1871,10716,28,518.88,246,First,International
1872,16568,13,808.33,17,First,International
1873,9669,22,191.3,288,Business,International
1874,70807,16,796.38,124,Economy,Domestic
1875,50390,28,318.66,152,Economy,International
1876,81764,8,352.73,68,First,Domestic
1877,80792,24,639.51,145,Business,International
1878,91721,26,911.74,44,Business,International
1879,24386,16,620.57,19,Economy,International
1880,25152,26,684.05,290,First,Domestic
1881,88803,9,798.94,246,First,Domestic
1882,79315,9,333.39,202,First,Domestic
1883,15434,24,844.51,8,Economy,International
1884,30000,23,476.16,179,Economy,Domestic
1885,28973,26,258.09,155,Economy,International
1886,38861,3,415.11,18,First,International
1887,7438,7,321.52,102,Business,International
1888,13729,20,305.84,245,Economy,International
1889,96002,18,354.31,84,Economy,International
1890,27407,24,262.84,233,Business,International
1891,96098,2,700.93,134,Business,International
1892,89094,1,621.99,36,First,International
1893,92266,12,683.6,91,Economy,Domestic
1894,43711,16,409.35,291,First,International
1895,93597,12,792.76,16,Economy,Domestic
1896,88365,21,216.65,89,First,International
1897,79191,10,614.02,164,First,International
1898,87501,29,347.91,252,Business,International
1899,56850,9,574.85,80,Economy,International
1900,82852,21,391.27,183,Business,Domestic
1901,74895,27,811.46,289,Business,Domestic
1902,15172,18,902.14,248,Business,Domestic
1903,70078,26,768.32,214,Economy,Domestic
1904,16529,4,258.03,157,First,Domestic
1905,74590,8,347.38,178,First,Domestic
1906,41281,23,927.42,19,Economy,International
1907,74805,21,493.5,146,Economy,International
1908,77626,4,947.06,67,First,Domestic
1909,67644,16,453.21,76,First,Domestic
1910,59235,21,956.6,101,Business,Domestic
1911,87676,23,933.17,139,First,International
1912,67760,21,694.47,72,Business,International
1913,13876,8,107.94,206,First,International
1914,57680,7,460.3,212,First,International
1915,16097,23,920.11,78,First,International
1916,75292,25,896.6,112,Business,Domestic
1917,3859,24,268.65,252,Business,International
1918,25877,13,459.26,132,First,Domestic
1919,15628,28,851.96,196,Business,International
1920,79117,8,620.09,24,Business,Domestic
1921,9300,22,862.57,100,Business,International
1922,3412,7,843.91,244,Business,International
1923,93837,24,916.73,30,Economy,International
1924,80341,29,205.5,289,Business,International
1925,4338,5,230.69,255,First,International
1926,60484,26,174.53,205,Business,Domestic
1927,6804,18,941.74,67,First,International
1928,54675,23,527.65,214,Business,International
1929,95845,26,157.89,121,First,International
1930,86733,19,389.38,45,Economy,International
1931,13392,10,416.27,68,First,International
1932,76984,11,828.6,26,Business,International
1933,21029,8,761.93,170,Business,International
1934,66263,6,720.45,244,First,International
1935,28097,11,119.68,273,Economy,International
1936,63524,16,919.63,287,Business,Domestic
1937,17395,4,294.0,248,Business,Domestic
1938,23993,2,666.16,1,First,International
1939,63088,13,155.64,19,First,International
1940,61610,7,173.37,293,Economy,International
1941,86065,17,108.62,256,First,International
1942,18258,23,609.33,248,Business,International
1943,93545,13,666.44,152,First,Domestic
1944,8303,10,145.42,136,Economy,International
1945,71186,13,361.44,221,Economy,Domestic
1946,13177,10,866.31,210,Business,International
1947,14747,7,191.18,188,First,International
1948,98318,10,294.89,231,Business,International
1949,89717,29,481.95,135,Economy,International
1950,22823,16,858.05,15,Economy,Domestic
1951,80718,3,329.36,113,First,Domestic
1952,79812,4,997.42,263,First,Domestic
1953,76307,28,419.74,278,Business,Domestic
1954,12963,4,447.8,72,Economy,Domestic
1955,25928,4,209.9,223,Business,International
1956,81385,16,712.18,33,Business,International
1957,92618,9,319.12,244,Business,Domestic
1958,70023,6,665.98,237,Economy,International
1959,93141,10,300.84,17,First,International
1960,11038,25,449.09,43,Economy,International
1961,68926,28,871.0,142,Business,Domestic
1962,4438,4,765.02,14,Economy,Domestic
1963,36151,23,239.13,92,Business,Domestic
1964,37135,29,646.94,278,Business,Domestic
1965,7167,12,665.78,214,First,International
1966,14172,10,181.51,248,Business,International
1967,52303,12,519.23,70,Economy,International
1968,83493,28,334.6,108,First,International
1969,31360,25,520.42,287,First,International
1970,67310,26,799.36,159,First,International
1971,61709,19,242.43,288,First,Domestic
1972,66478,29,210.97,170,First,International
1973,89950,19,342.38,12,Economy,International
1974,87258,22,957.05,219,Business,International
1975,48445,24,773.04,184,Business,International
1976,90941,1,117.51,208,Business,International
1977,37698,4,460.9,287,Business,Domestic
1978,28256,13,331.66,105,First,International
1979,87880,8,674.33,211,Business,International
1980,35207,22,513.36,231,Business,Domestic
1981,75441,14,968.05,212,First,Domestic
1982,26151,16,297.08,195,First,International
1983,89259,2,629.07,248,First,International
1984,55236,8,730.19,263,Business,Domestic
1985,39278,13,843.01,216,First,International
1986,77709,1,466.27,262,First,Domestic
1987,50221,12,718.23,169,Economy,Domestic
1988,79666,17,372.88,155,Economy,Domestic
1989,48350,7,491.93,69,Business,International
1990,27952,16,906.06,233,First,Domestic
1991,11937,14,954.92,53,Business,Domestic
1992,42702,10,746.94,169,Economy,International
1993,40496,3,436.92,35,Economy,Domestic
1994,87070,28,838.05,258,First,Domestic
1995,24794,12,123.28,250,Business,International
1996,59720,8,192.47,12,Economy,International
1997,25985,16,695.24,158,First,International
1998,20391,25,362.12,28,Business,International
1999,58295,24,956.25,56,First,International
2000,94064,1,492.45,160,First,International
2001,73406,17,486.43,265,Economy,International
2002,88054,6,710.27,229,Business,International
2003,22993,28,790.81,192,Economy,International
2004,43639,1,528.0,107,Business,International
2005,30720,24,292.6,257,Business,International
2006,90698,15,795.98,109,First,International
2007,10906,13,388.32,129,First,International
2008,64820,6,257.6,122,Business,International
2009,84117,21,668.48,115,First,Domestic
2010,64238,13,181.41,229,Economy,International
2011,52489,22,974.22,292,Business,International
2012,97825,4,669.16,232,Economy,Domestic
2013,82741,1,987.31,233,First,Domestic
2014,77944,23,405.0,295,Business,Domestic
2015,94068,10,974.08,190,First,International
2016,4193,25,231.01,24,Economy,Domestic
2017,41986,4,136.63,165,Business,International
2018,61481,13,129.69,292,First,International
2019,6220,4,518.38,209,Economy,Domestic
2020,20357,16,174.7,26,Economy,Domestic
2021,40299,9,560.95,177,First,Domestic
2022,20549,4,394.75,43,Business,International
2023,18474,26,402.07,71,First,Domestic
2024,58593,20,672.05,221,Business,Domestic
2025,1141,8,246.79,227,Economy,Domestic
2026,83186,27,789.9,232,Economy,Domestic
2027,21694,4,623.83,267,Economy,Domestic
2028,17863,9,923.45,253,First,Domestic
2029,3690,11,428.36,162,First,Domestic
2030,46056,24,984.44,5,First,Domestic
2031,61424,5,618.24,46,Economy,International
2032,22320,9,976.06,67,Business,Domestic
2033,68963,8,124.35,253,First,International
2034,26419,26,755.18,58,First,Domestic
2035,41832,4,834.96,118,First,International
2036,36983,20,147.86,185,Economy,International
2037,23365,1,621.07,47,Business,International
2038,4911,20,821.75,190,Business,Domestic
2039,86997,28,604.93,264,Business,International
2040,1649,13,157.43,171,First,International
2041,55688,24,724.1,45,First,Domestic
2042,27469,28,154.54,142,Business,Domestic
2043,94362,28,835.72,245,Economy,International
2044,82039,5,138.73,215,Business,Domestic
2045,44346,22,223.66,175,First,Domestic
2046,88498,20,347.6,144,Business,Domestic
2047,41884,21,670.03,34,Business,International
2048,18677,10,978.72,131,Business,International
2049,61390,16,206.04,152,Economy,Domestic
2050,86178,8,228.44,47,First,International
2051,69249,12,431.98,167,First,Domestic
2052,63635,25,852.6,177,Business,Domestic
2053,75131,3,520.51,262,First,Domestic
2054,80315,26,389.45,94,Economy,Domestic
2055,64734,4,605.08,290,Business,Domestic
2056,13164,17,334.47,229,Economy,International
2057,54184,27,461.04,190,Business,Domestic
2058,68082,21,399.34,143,Business,International
2059,36374,20,823.73,163,Business,Domestic
2060,92964,22,931.83,18,Economy,Domestic
2061,98243,22,783.61,67,First,International
2062,91924,13,495.18,97,First,International
2063,92041,26,553.9,6,First,International
2064,79709,6,212.57,176,First,International
2065,30580,3,772.18,205,Economy,Domestic
2066,95187,14,636.83,298,First,Domestic
2067,57792,7,912.2,287,First,International
2068,24318,3,280.55,228,Business,International
2069,15627,6,783.75,118,Economy,International
2070,72614,29,716.2,269,Business,International
2071,37091,13,339.26,80,First,International
2072,74902,14,700.64,159,Business,International
2073,15444,15,931.94,187,First,International
2074,40873,26,926.59,187,Business,International
2075,18747,16,747.66,193,Economy,Domestic
2076,94007,1,143.27,259,Business,Domestic
2077,10229,15,885.04,190,Business,International
2078,82840,24,692.0,288,Business,Domestic
2079,90871,7,379.39,105,Business,International
2080,68626,28,268.53,128,First,Domestic
2081,58804,9,204.58,96,Business,International
2082,49229,15,145.21,63,Economy,Domestic
2083,33368,14,778.69,127,Business,International
2084,11944,19,312.26,222,Economy,Domestic
2085,32752,28,121.83,292,Business,Domestic
2086,33916,24,457.54,103,First,International
2087,21817,18,534.35,151,Economy,Domestic
2088,71634,9,252.31,113,Economy,Domestic
2089,2133,1,139.64,54,Business,Domestic
2090,57707,12,270.21,120,First,Domestic
2091,29670,10,711.19,216,First,International
2092,56162,7,174.02,122,Economy,International
2093,48724,14,599.53,2,Business,International
2094,53837,26,231.77,91,First,Domestic
2095,36974,1,276.12,163,First,International
2096,2109,15,453.77,118,First,Domestic
2097,29755,22,190.74,60,Business,Domestic
2098,25802,1,255.88,213,Business,Domestic
2099,65771,13,414.06,246,Economy,International
2100,44899,20,396.7,234,Business,International
2101,42972,23,774.34,288,First,Domestic
2102,69642,2,167.3,77,Economy,Domestic
2103,37704,3,874.41,23,Business,International
2104,76194,4,834.61,100,First,Domestic
2105,82876,16,789.39,250,First,Domestic
2106,74997,22,378.44,122,Economy,International
2107,53958,29,840.59,214,Economy,International
2108,89469,12,264.52,261,Business,Domestic
2109,43491,25,211.97,122,Business,International
2110,9495,4,140.46,251,Economy,Domestic
2111,66181,22,945.38,157,Economy,Domestic
2112,98827,12,377.21,148,First,International
2113,49112,7,925.86,64,Business,Domestic
2114,14097,20,345.35,3,First,International
2115,22532,22,916.81,173,Economy,International
2116,32110,3,913.54,135,Economy,International
2117,49543,5,931.31,243,Economy,Domestic
2118,52084,12,546.54,59,Business,International
2119,41702,12,879.35,44,Economy,Domestic
2120,63348,27,955.69,71,Economy,Domestic
2121,25717,26,392.16,94,Business,International
2122,56941,20,476.99,30,Economy,Domestic
2123,83867,23,747.32,155,Business,International
2124,62295,22,370.32,239,Economy,International
2125,44252,7,778.43,63,Business,International
2126,50917,22,166.5,108,Business,Domestic
2127,98167,12,571.15,67,Business,International
2128,22399,2,210.08,34,Business,International
2129,92050,14,363.99,250,First,International
2130,3496,23,332.76,35,Business,Domestic
2131,31985,16,855.04,131,Business,Domestic
2132,86482,24,274.17,221,Business,International
2133,22434,7,827.6,166,Business,International
2134,39178,4,814.56,273,Economy,International
2135,34310,20,548.99,59,Economy,Domestic
2136,77407,28,310.46,112,Business,Domestic
2137,14390,5,304.21,220,Business,Domestic
2138,77682,14,518.43,278,First,International
2139,49577,9,107.93,67,Business,Domestic
2140,90643,5,578.22,262,Business,International
2141,52933,2,957.5,268,Business,Domestic
2142,16479,5,239.24,130,Economy,International
2143,77719,29,616.01,266,Business,Domestic
2144,85532,3,965.6,207,Business,Domestic
2145,29224,10,874.47,211,First,Domestic
2146,51351,8,865.34,50,Economy,Domestic
2147,76845,26,839.66,287,First,International
2148,17173,10,378.12,41,Business,International
2149,77408,29,901.56,246,First,International
2150,40800,2,947.21,194,Business,Domestic
2151,98482,14,546.21,243,Business,International
2152,28424,27,419.11,199,Economy,Domestic
2153,23707,4,472.81,120,First,Domestic
2154,71224,21,400.79,202,Business,Domestic
2155,13854,12,291.18,105,First,International
2156,4681,20,656.6,249,Economy,Domestic
2157,22613,29,606.34,288,Business,Domestic
2158,20879,14,516.33,78,Economy,Domestic
2159,7078,16,186.26,164,First,Domestic
2160,46461,5,817.2,118,First,International
2161,97892,26,257.44,56,First,International
2162,53314,16,203.11,187,Business,International
2163,28941,27,660.76,51,Business,International
2164,2416,29,458.78,71,Business,International
2165,86028,4,153.83,240,Economy,Domestic
2166,26425,29,420.01,99,First,International
2167,9507,3,794.6,154,First,International
2168,61587,1,653.72,58,First,International
2169,14573,4,426.51,274,Economy,International
2170,59851,9,272.62,258,Business,International
2171,29698,1,668.62,200,Economy,Domestic
2172,43478,16,898.8,294,First,International
2173,62494,23,681.65,283,First,Domestic
2174,19318,3,831.61,175,Economy,International
2175,39719,24,569.38,97,Business,Domestic
2176,70880,6,746.17,181,Business,Domestic
2177,97528,13,906.6,271,First,International
2178,76529,17,795.86,34,Economy,International
2179,40102,15,918.87,86,Business,International
2180,20006,26,488.03,157,Economy,Domestic
2181,10048,21,913.8,115,First,Domestic
2182,22949,12,659.41,7,First,International
2183,76604,29,883.04,106,First,Domestic
2184,18909,8,135.44,106,First,International
2185,32335,27,692.07,113,Business,Domestic
2186,35184,16,863.18,9,First,International
2187,61823,3,256.78,283,Business,Domestic
2188,62215,28,695.61,59,Business,International
2189,68330,28,842.46,265,Economy,Domestic
2190,28641,4,359.15,101,First,Domestic
2191,69256,7,464.72,62,Business,International
2192,7826,15,612.57,174,Economy,Domestic
2193,95316,11,567.25,196,Economy,Domestic
2194,40563,16,135.27,221,First,International
2195,53828,22,188.8,189,First,International
2196,7369,14,190.42,127,Economy,International
2197,42312,23,336.04,45,Business,Domestic
2198,6826,13,321.28,68,First,Domestic
2199,3192,9,768.0,57,Economy,International
2200,20920,25,615.47,215,Economy,Domestic
2201,24683,18,787.58,114,Business,Domestic
2202,26692,3,162.91,9,Business,Domestic
2203,90791,20,536.69,268,Economy,International
2204,83453,22,391.4,291,Business,International
2205,10409,5,864.95,85,First,International
2206,82065,22,737.01,146,Economy,International
2207,15795,27,882.33,117,Business,Domestic
2208,77716,24,141.78,134,Business,International
2209,60572,2,748.74,14,Business,International
2210,22735,22,586.01,205,Business,Domestic
2211,84899,25,842.5,232,Economy,International
2212,84996,21,556.44,65,Business,Domestic
2213,45036,17,586.19,3,First,Domestic
2214,76672,16,146.59,2,First,Domestic
2215,54387,29,701.67,258,Economy,Domestic
2216,77827,24,345.83,202,Economy,Domestic
2217,79085,20,117.72,239,First,International
2218,13021,24,159.79,92,First,Domestic
2219,70650,13,961.56,283,Economy,International
2220,69120,20,411.47,22,First,International
2221,10740,11,881.27,285,First,Domestic
2222,86579,8,963.71,86,Economy,Domestic
2223,56554,25,948.94,50,Economy,International
2224,97279,21,893.55,296,Business,Domestic
2225,14319,5,905.36,42,Business,International
2226,99531,2,360.11,203,First,Domestic
2227,87391,25,236.32,57,Economy,Domestic
2228,6242,27,675.34,58,Business,Domestic
2229,47169,4,539.3,167,First,International
2230,90543,3,188.87,173,First,Domestic
2231,64711,2,709.79,206,First,Domestic
2232,30407,3,606.57,110,First,International
2233,54504,16,876.76,22,Economy,International
2234,81386,20,648.27,232,First,International
2235,22312,9,616.55,274,Business,Domestic
2236,80630,6,496.68,171,Economy,International
2237,13988,26,516.51,10,First,International
2238,79734,15,958.94,59,Business,International
2239,67234,5,224.6,231,Business,Domestic
2240,66973,29,501.6,234,Economy,Domestic
2241,88739,9,690.24,2,Economy,Domestic
2242,16995,24,489.71,143,Economy,International
2243,10876,6,354.89,229,Business,Domestic
2244,19537,3,358.62,8,Business,Domestic
2245,79438,23,310.29,296,First,International
2246,56160,13,409.51,293,Economy,Domestic
2247,89295,26,884.51,192,Economy,Domestic
2248,94026,22,554.7,290,Economy,International
2249,88056,28,316.21,126,Economy,International
2250,6278,15,446.07,47,Business,International
2251,34727,11,195.25,106,Economy,International
2252,11031,16,913.63,263,Business,International
2253,63745,15,467.38,252,Business,International
2254,91389,24,982.35,26,Economy,International
2255,87140,28,412.78,8,Business,International
2256,92455,6,852.72,219,Business,Domestic
2257,87690,14,330.75,157,Economy,Domestic
2258,75442,11,168.54,13,Economy,Domestic
2259,80834,26,128.56,28,First,Domestic
2260,52866,20,645.55,25,Business,Domestic
2261,67883,10,380.42,213,Business,International
2262,71544,16,499.17,142,First,International
2263,56237,12,836.78,114,First,International
2264,25553,7,323.3,217,Economy,Domestic
2265,93554,7,377.79,80,First,Domestic
2266,5868,27,860.8,200,Economy,International
2267,97441,24,543.49,66,Economy,International
2268,4960,18,844.9,248,Economy,Domestic
2269,64953,15,437.03,143,Business,Domestic
2270,10944,27,458.53,140,Business,International
2271,69041,6,250.42,95,Economy,Domestic
2272,55248,19,924.71,117,First,Domestic
2273,24759,8,907.11,184,Business,International
2274,19121,20,985.8,291,Business,International
2275,46129,15,462.2,244,First,Domestic
2276,85599,4,836.75,200,Business,International
2277,51189,18,473.46,277,First,International
2278,32559,13,508.87,109,First,Domestic
2279,6760,22,847.0,211,Business,Domestic
2280,79617,22,259.63,258,First,International
2281,34126,1,298.28,163,First,Domestic
2282,31961,28,383.26,96,Economy,International
2283,34844,8,809.36,209,Economy,International
2284,15088,19,435.39,35,Business,Domestic
2285,8236,17,422.35,265,First,International
2286,55967,10,998.93,99,Business,Domestic
2287,88684,1,445.43,20,Business,Domestic
2288,52454,1,322.99,216,Economy,Domestic
2289,46060,21,660.89,103,First,Domestic
2290,43564,5,821.69,111,Business,International
2291,34843,1,162.65,218,Business,International
2292,21432,21,657.0,119,Economy,International
2293,83248,23,132.16,248,Economy,Domestic
2294,15433,21,573.7,95,Economy,International
2295,28808,25,331.29,187,Business,International
2296,37245,20,375.98,143,First,Domestic
2297,83922,13,520.39,27,Economy,Domestic
2298,63222,9,934.4,5,Economy,International
2299,91688,16,739.6,261,First,International
2300,25902,28,943.16,229,Business,Domestic
2301,99198,8,693.97,121,Business,Domestic
2302,15702,14,106.4,193,First,Domestic
2303,65211,29,339.03,104,Economy,International
2304,45185,17,915.2,198,First,International
2305,93393,29,679.1,61,Business,Domestic
2306,46707,4,983.48,283,Business,Domestic
2307,85300,7,240.37,79,Economy,International
2308,75222,17,367.07,174,Economy,Domestic
2309,3416,28,426.13,8,First,Domestic
2310,92265,24,393.9,179,Business,Domestic
2311,33671,16,326.79,270,Business,International
2312,68678,14,499.12,161,First,International
2313,86308,16,678.07,275,Economy,Domestic
2314,91913,27,380.13,205,Business,International
2315,1207,2,171.73,59,Business,Domestic
2316,77382,24,737.68,185,Economy,International
2317,51790,15,513.11,74,Business,International
2318,22511,11,600.83,93,Economy,Domestic
2319,25711,13,509.86,66,First,Domestic
2320,49014,4,901.32,1,Economy,International
2321,26746,24,602.87,177,Economy,International
2322,7024,1,930.95,141,First,Domestic
2323,31392,15,559.52,43,Business,Domestic
2324,45531,12,363.33,173,Business,Domestic
2325,23759,21,419.9,294,Economy,Domestic
2326,93260,9,569.92,230,Economy,Domestic
2327,62586,7,576.99,235,First,International
2328,46772,3,718.6,92,First,Domestic
2329,11797,16,302.05,43,Business,Domestic
2330,60727,4,692.96,26,Business,Domestic
2331,91557,26,800.73,271,First,International
2332,99747,23,708.93,38,Economy,International
2333,50269,14,533.65,288,First,International
2334,43500,22,992.51,247,Business,Domestic
2335,99870,13,464.33,49,Economy,Domestic
2336,20986,29,195.93,282,First,International
2337,19320,20,839.35,208,Business,International
2338,37951,19,290.98,123,Economy,Domestic
2339,41694,27,741.96,248,Economy,International
2340,43612,2,261.08,283,Economy,International
2341,54723,10,115.19,150,Economy,Domestic
2342,39569,28,243.82,63,Economy,International
2343,82557,25,439.29,240,First,Domestic
2344,54542,19,195.96,166,Economy,International
2345,22199,15,277.91,239,First,International
2346,72036,7,788.16,48,Economy,Domestic
2347,30666,15,792.9,186,Business,International
2348,6402,17,835.74,147,Economy,Domestic
2349,89907,24,857.04,188,First,International
2350,38549,16,478.39,110,Business,International
2351,16515,17,880.79,264,Business,Domestic
2352,84123,28,573.34,278,First,Domestic
2353,73593,16,523.54,236,Business,International
2354,65598,18,746.68,158,First,Domestic
2355,13099,17,292.44,59,Economy,Domestic
2356,23097,4,810.55,74,Economy,Domestic
2357,71719,2,486.52,227,First,Domestic
2358,54366,17,214.57,153,Economy,International
2359,21463,17,207.38,286,Business,International
2360,50094,2,248.42,240,Economy,Domestic
2361,97596,22,901.52,226,Economy,International
2362,17696,2,991.84,168,Business,International
2363,9354,29,421.28,283,Business,International
2364,18912,15,362.93,261,Economy,International
2365,46348,29,296.89,289,Economy,International
2366,95897,28,841.43,8,Economy,International
2367,22880,28,288.29,97,First,Domestic
2368,82296,16,931.68,11,First,International
2369,71304,11,700.62,271,Economy,International
2370,24951,29,907.42,70,Economy,Domestic
2371,34166,2,598.61,134,Business,Domestic
2372,56782,8,721.61,258,Economy,International
2373,61930,21,657.51,4,Economy,International
2374,18431,24,848.08,238,First,International
2375,19326,12,852.27,293,First,International
2376,28706,14,630.81,98,First,Domestic
2377,34007,28,669.26,150,Business,Domestic
2378,93470,14,929.69,257,Economy,Domestic
2379,40232,24,936.88,148,First,Domestic
2380,34439,12,697.82,141,Business,Domestic
2381,98760,2,106.98,250,Economy,Domestic
2382,52771,14,193.97,233,Economy,International
2383,25303,23,872.15,131,Business,International
2384,36229,25,176.24,46,Economy,International
2385,94505,12,292.17,93,Business,Domestic
2386,58745,24,307.49,248,Business,International
2387,52258,29,640.21,19,First,Domestic
2388,21532,9,618.97,179,Business,Domestic
2389,73312,29,360.48,271,First,International
2390,10334,8,286.85,135,Economy,International
2391,38892,20,788.08,236,First,International
2392,29484,16,941.91,189,Business,International
2393,29831,10,147.53,211,First,Domestic
2394,24665,7,219.86,63,Economy,International
2395,30205,15,677.95,163,First,Domestic
2396,73590,25,824.0,37,Economy,Domestic
2397,44468,9,812.07,214,Business,International
2398,62725,4,747.71,18,First,Domestic
2399,67564,23,898.69,253,Economy,International
2400,11368,6,295.61,73,Economy,Domestic
2401,22435,28,196.56,140,First,Domestic
2402,83590,12,653.83,16,First,Domestic
2403,38362,15,840.05,94,First,International
2404,81147,19,623.84,233,First,International
2405,14394,26,966.7,87,First,International
2406,97284,22,816.01,297,Economy,International
2407,98260,24,730.71,50,Business,Domestic
2408,48753,2,154.23,244,Economy,International
2409,55428,28,196.97,112,First,Domestic
2410,44038,19,806.35,7,First,International
2411,57138,24,278.41,36,Business,Domestic
2412,93118,20,125.95,46,First,Domestic
2413,80133,20,919.68,99,Business,Domestic
2414,10880,2,901.72,172,First,Domestic
2415,21815,15,296.64,240,Economy,Domestic
2416,83489,27,802.19,190,Business,Domestic
2417,89376,26,143.18,233,Economy,International
2418,79422,12,356.55,280,First,Domestic
2419,51298,29,661.3,234,Economy,International
2420,78502,1,786.86,125,Economy,International
2421,26440,23,109.36,177,Economy,International
2422,7514,14,393.59,172,Business,Domestic
2423,38668,4,292.91,119,Business,Domestic
2424,46369,22,998.9,29,Business,Domestic
2425,50179,24,703.88,47,Economy,Domestic
2426,49069,11,465.1,178,Economy,Domestic
2427,71885,7,168.09,93,First,International
2428,67565,13,638.8,54,Business,Domestic
2429,73152,14,677.53,235,First,International
2430,35764,7,834.77,286,Economy,Domestic
2431,51493,22,359.72,73,Business,Domestic
2432,26824,11,983.29,121,First,International
2433,65544,20,495.52,56,Economy,International
2434,93248,20,366.35,272,Economy,Domestic
2435,49461,25,413.6,138,Economy,Domestic
2436,19471,11,567.63,198,Business,International
2437,26256,21,943.03,208,Business,Domestic
2438,34142,9,761.64,272,First,Domestic
2439,45329,27,619.4,137,Economy,Domestic
2440,4045,28,246.53,133,Business,Domestic
2441,15728,25,234.42,15,Business,Domestic
2442,30713,4,551.98,102,Economy,Domestic
2443,80374,2,755.84,242,Economy,International
2444,23659,2,775.91,89,First,Domestic
2445,7352,25,303.32,3,First,International
2446,89566,9,190.09,61,First,Domestic
2447,99582,19,446.01,211,Business,International
2448,67941,15,926.36,247,Business,Domestic
2449,42747,21,590.83,191,Business,International
2450,73686,21,388.09,55,Business,International
2451,30623,18,391.27,288,Business,Domestic
2452,18716,16,218.88,30,Economy,International
2453,74601,2,525.9,0,First,International
2454,13564,26,812.23,197,First,Domestic
2455,20531,12,971.7,44,First,Domestic
2456,41760,29,551.44,46,First,International
2457,4449,1,250.49,221,Economy,Domestic
2458,99736,2,714.66,285,Business,International
2459,34777,14,781.11,80,Business,Domestic
2460,8279,27,164.53,279,Business,International
2461,45809,7,865.13,286,First,International
2462,6191,17,846.39,283,First,International
2463,75044,15,525.29,188,Economy,International
2464,6307,17,604.38,38,Economy,Domestic
2465,5216,9,742.07,82,Business,International
2466,67901,13,709.07,175,Business,Domestic
2467,62743,2,114.88,8,Business,Domestic
2468,10127,27,210.19,277,Business,International
2469,86438,15,246.33,257,Business,International
2470,36536,20,780.11,271,Business,International
2471,1495,11,496.08,260,First,International
2472,70128,19,590.95,179,Economy,Domestic
2473,68768,14,795.42,153,Economy,International
2474,62362,27,406.88,14,First,International
2475,41816,4,774.0,66,Business,Domestic
2476,20319,27,498.07,186,Business,Domestic
2477,65295,11,439.46,62,Business,International
2478,81203,16,399.73,280,Economy,International
2479,14000,23,968.45,40,Economy,International
2480,7719,26,794.78,27,Business,International
2481,70981,2,118.18,276,Business,International
2482,48941,2,961.67,220,First,International
2483,77312,9,797.9,216,Business,International
2484,40323,22,234.26,221,First,International
2485,83825,27,168.7,60,Business,International
2486,58320,23,377.37,102,Business,International
2487,12419,21,661.76,184,Business,Domestic
2488,74436,29,654.89,146,First,Domestic
2489,27403,21,348.27,74,First,International
2490,29298,4,501.11,0,First,International
2491,93692,8,290.7,161,Economy,International
2492,38365,23,145.52,16,Economy,International
2493,90573,26,565.27,242,Business,International
2494,47233,18,412.29,18,First,Domestic
2495,71545,15,588.59,58,First,International
2496,73771,2,951.86,200,Business,Domestic
2497,92627,22,229.03,114,Business,International
2498,57360,28,101.77,202,Business,International
2499,62966,11,169.19,293,Business,International
2500,39056,17,516.44,30,First,International
2501,57965,7,736.24,193,Economy,International
2502,65237,8,622.69,105,First,International
2503,12195,10,545.41,125,Economy,International
2504,40374,24,418.57,102,Business,International
2505,64539,3,378.98,162,Economy,Domestic
2506,27248,13,438.66,120,First,International
2507,52454,23,650.47,239,First,International
2508,27226,17,250.98,94,First,International
2509,87315,13,794.23,207,First,International
2510,77202,27,617.73,148,First,International
2511,86915,19,342.24,192,First,Domestic
2512,32709,29,551.04,141,Business,International
2513,43850,22,966.5,271,Economy,Domestic
2514,97354,9,118.44,200,Business,Domestic
2515,41537,21,279.57,161,Economy,International
2516,64458,29,503.54,108,Economy,Domestic
2517,31949,16,674.6,262,Economy,International
2518,26853,5,291.01,209,First,Domestic
2519,22997,9,938.26,148,First,International
2520,36870,28,678.31,255,First,Domestic
2521,59529,9,889.69,198,Economy,International
2522,64371,6,396.39,185,Economy,Domestic
2523,51607,21,846.06,164,Economy,Domestic
2524,59523,10,440.4,107,Business,International
2525,35114,18,327.48,82,First,Domestic
2526,42588,11,920.49,79,First,Domestic
2527,51366,24,183.0,252,First,Domestic
2528,30871,28,948.6,24,Business,Domestic
2529,68497,24,512.66,282,Business,International
2530,63284,15,993.36,50,Business,Domestic
2531,6690,7,585.64,107,Economy,International
2532,16168,14,781.74,237,Business,International
2533,46875,8,106.36,185,Economy,Domestic
2534,71994,19,547.0,79,Economy,Domestic
2535,66116,15,763.71,95,First,International
2536,93478,19,804.54,149,First,International
2537,11033,18,242.24,5,Business,International
2538,74583,17,477.07,21,Economy,Domestic
2539,5902,3,477.16,219,Economy,Domestic
2540,2496,3,193.28,11,Economy,Domestic
2541,62263,7,498.74,282,First,International
2542,28664,28,826.38,191,First,Domestic
2543,43203,10,370.16,224,First,International
2544,5582,25,489.32,166,First,International
2545,30482,28,964.86,115,First,International
2546,35811,17,128.54,147,First,International
2547,37144,15,632.37,35,Business,International
2548,42476,8,769.09,244,Business,Domestic
2549,32872,17,784.79,129,Business,International
2550,83754,3,744.34,239,Business,Domestic
2551,18007,4,753.81,104,Economy,International
2552,51199,27,153.11,166,First,Domestic
2553,51716,8,580.72,41,First,Domestic
2554,86902,13,804.67,253,Business,International
2555,96363,1,184.66,204,Economy,Domestic
2556,34264,28,110.84,194,Business,Domestic
2557,98143,18,833.11,170,First,International
2558,66230,11,741.06,249,Business,International
2559,28005,21,470.99,103,Economy,International
2560,32475,6,946.36,38,First,Domestic
2561,17926,16,789.94,235,Economy,Domestic
2562,34683,21,971.07,133,Business,Domestic
2563,84721,29,936.38,251,First,International
2564,77810,19,533.16,169,Economy,Domestic
2565,47049,26,779.24,282,Economy,International
2566,93850,23,702.27,206,Economy,International
2567,50483,28,830.3,142,First,Domestic
2568,40913,17,808.92,18,First,Domestic
2569,61934,18,237.91,189,Business,International
2570,43494,11,310.36,63,Business,International
2571,31288,14,339.16,229,First,Domestic
2572,92428,12,836.65,174,Economy,International
2573,26682,25,829.67,19,First,International
2574,68125,20,545.8,275,First,Domestic
2575,31809,24,622.75,225,First,International
2576,85406,25,844.23,230,First,Domestic
2577,52742,7,381.33,100,Business,Domestic
2578,60584,17,145.16,226,Business,Domestic
2579,75215,5,534.34,293,Economy,International
2580,9803,22,922.35,37,First,Domestic
2581,53572,14,811.42,64,First,Domestic
2582,61538,27,429.96,75,Business,Domestic
2583,51608,24,158.29,191,Business,Domestic
2584,44153,26,673.23,122,First,Domestic
2585,94186,13,851.04,124,Business,Domestic
2586,49657,24,698.45,26,First,International
2587,10529,29,482.57,102,Economy,International
2588,95534,12,211.02,275,Economy,International
2589,49208,14,919.7,59,Economy,International
2590,76928,25,348.36,167,First,Domestic
2591,38265,9,301.86,82,Business,International
2592,5583,4,834.38,5,Economy,International
2593,62226,22,983.1,163,First,International
2594,27690,19,694.14,201,Economy,Domestic
2595,11328,1,662.33,176,Economy,Domestic
2596,88174,29,387.49,155,Business,Domestic
2597,17238,13,118.37,277,First,International
2598,40113,6,272.62,101,Business,Domestic
2599,89491,1,625.99,79,Business,Domestic
2600,57235,25,236.18,193,Business,Domestic
2601,22682,27,895.45,280,Economy,International
2602,48442,22,269.33,90,Economy,Domestic
2603,82998,17,569.89,66,Economy,International
2604,72188,27,560.81,214,First,International
2605,17761,29,643.55,144,Business,Domestic
2606,96771,3,394.69,39,Economy,Domestic
2607,63188,17,886.18,211,Business,Domestic
2608,90887,2,499.87,285,Business,Domestic
2609,12176,22,730.14,58,Business,International
2610,58498,7,672.32,27,Business,International
2611,49329,1,205.44,46,Business,International
2612,26639,26,660.38,236,Economy,International
2613,68752,21,595.63,116,First,Domestic
2614,28415,22,908.74,150,First,International
2615,33657,15,892.79,82,First,International
2616,39217,4,235.86,56,First,Domestic
2617,84383,6,173.52,216,Business,International
2618,53622,21,365.13,219,Economy,Domestic
2619,18900,13,987.95,284,Economy,Domestic
2620,12242,29,119.42,241,Business,Domestic
2621,97609,27,705.6,98,Business,International
2622,38191,23,647.66,241,Economy,Domestic
2623,48601,13,681.92,202,Economy,Domestic
2624,65930,20,296.46,36,First,Domestic
2625,18910,1,304.05,245,First,International
2626,94722,2,487.58,127,First,International
2627,15978,6,186.27,134,Economy,Domestic
2628,50940,29,167.15,63,First,International
2629,14606,26,179.52,273,Economy,International
2630,33031,29,615.68,28,Economy,International
2631,8421,11,457.97,225,Business,International
2632,56729,18,364.26,59,Economy,International
2633,3548,13,384.24,53,Business,Domestic
2634,8252,21,286.55,148,Business,International
2635,48624,12,470.35,57,Economy,International
2636,79385,20,282.75,35,Economy,International
2637,71144,7,728.24,144,First,International
2638,91627,20,211.54,249,Economy,Domestic
2639,7745,7,953.42,79,First,Domestic
2640,36830,27,180.84,14,First,International
2641,39049,24,949.11,39,Economy,Domestic
2642,38530,7,849.97,80,First,International
2643,31222,2,712.64,192,Business,International
2644,10640,11,921.07,165,Business,Domestic
2645,34734,1,225.3,203,Economy,Domestic
2646,56228,21,258.68,210,Economy,International
2647,88614,29,326.94,257,Economy,International
2648,58707,13,320.33,114,Business,Domestic
2649,99411,12,379.76,232,First,International
2650,24565,13,618.07,76,Business,International
2651,45054,7,125.36,95,First,Domestic
2652,54568,12,444.05,97,First,Domestic
2653,67045,17,321.75,55,Economy,Domestic
2654,73351,27,645.97,117,Economy,International
2655,58647,8,986.65,118,Economy,International
2656,59312,3,565.89,37,Business,Domestic
2657,43398,7,483.12,184,Business,Domestic
2658,61865,19,431.42,241,Business,International
2659,33408,20,806.45,50,Economy,International
2660,89428,8,164.78,126,Economy,International
2661,65225,14,963.79,102,First,Domestic
2662,79812,14,476.13,228,First,Domestic
2663,4500,2,382.33,210,Economy,International
2664,52351,6,976.66,84,Business,International
2665,13546,16,942.29,273,Economy,International
2666,54053,26,677.74,26,Business,International
2667,41526,9,116.66,71,Economy,Domestic
2668,81578,26,773.68,94,Economy,Domestic
2669,39153,25,402.0,75,First,Domestic
2670,1229,21,449.45,5,Business,Domestic
2671,52638,15,242.87,89,Business,Domestic
2672,25725,19,571.11,79,Economy,International
2673,34677,15,770.1,221,First,Domestic
2674,78256,22,345.71,82,Economy,Domestic
2675,51129,12,944.86,81,Economy,Domestic
2676,32879,9,275.26,151,Business,International
2677,83554,16,159.64,44,Economy,International
2678,97654,6,679.93,211,First,Domestic
2679,5717,20,864.39,70,Economy,Domestic
2680,85110,28,957.82,262,First,Domestic
2681,79771,27,790.45,57,Business,Domestic
2682,6189,15,279.69,56,Business,International
2683,87859,13,979.9,110,Economy,Domestic
2684,90001,21,927.49,141,First,Domestic
2685,78508,23,246.85,55,Business,Domestic
2686,2865,10,602.91,11,First,Domestic
2687,99602,14,599.97,14,Business,International
2688,94503,29,498.28,7,Business,Domestic
2689,5540,3,985.85,230,First,Domestic
2690,58441,12,153.66,185,First,Domestic
2691,94309,25,664.49,52,First,Domestic
2692,79000,1,284.77,136,Business,Domestic
2693,38582,24,574.6,173,First,International
2694,80132,21,801.77,218,Economy,International
2695,97921,16,322.05,262,First,Domestic
2696,81922,10,454.02,254,Business,International
2697,20906,9,955.69,299,First,Domestic
2698,21802,18,785.33,269,First,Domestic
2699,73354,1,615.45,74,First,Domestic
2700,65761,10,299.8,223,Economy,Domestic
2701,58276,7,482.77,91,Business,Domestic
2702,75573,10,796.66,133,Economy,Domestic
2703,70721,12,838.49,162,Economy,International
2704,37994,11,320.15,197,Business,Domestic
2705,91016,9,695.85,188,Business,International
2706,8692,5,185.5,72,First,International
2707,59396,27,120.89,205,Business,International
2708,20999,4,593.81,30,First,Domestic
2709,73341,20,301.94,118,Economy,Domestic
2710,4157,28,171.02,282,First,Domestic
2711,35873,13,756.85,158,Business,Domestic
2712,38944,8,548.18,254,First,Domestic
2713,34761,16,816.65,244,Economy,International
2714,80241,1,697.55,105,Business,International
2715,86016,17,756.82,197,Business,Domestic
2716,99493,15,376.62,119,First,International
2717,32678,24,336.95,81,First,International
2718,93235,15,640.79,269,First,Domestic
2719,93530,18,280.07,186,Economy,Domestic
2720,96106,26,833.87,275,Economy,Domestic
2721,20282,6,570.63,51,Business,International
2722,56008,2,304.29,295,Business,International
2723,13793,5,662.65,67,Economy,International
2724,27542,19,950.53,299,First,International
2725,87169,7,173.89,133,First,International
2726,40814,9,198.41,119,Economy,International
2727,16637,2,859.46,56,First,International
2728,86331,7,198.63,185,Economy,Domestic
2729,95058,29,135.44,71,First,International
2730,75774,29,413.14,157,First,Domestic
2731,93685,24,520.04,227,Business,Domestic
2732,50757,14,612.5,233,First,International
2733,49179,26,556.57,10,First,International
2734,93070,24,921.87,174,Economy,Domestic
2735,10256,23,791.8,260,Economy,International
2736,55947,15,985.43,130,Economy,Domestic
2737,1517,12,528.81,1,Economy,International
2738,78961,20,175.9,248,First,International
2739,88138,4,959.98,199,Economy,Domestic
2740,15676,26,103.7,181,Business,Domestic
2741,53959,13,798.49,126,Economy,Domestic
2742,88355,29,128.15,296,First,Domestic
2743,11781,9,785.09,196,Business,International
2744,85192,12,944.15,285,First,Domestic
2745,65758,10,450.33,43,Business,Domestic
2746,26678,9,316.87,9,Business,Domestic
2747,71328,21,303.65,224,Business,International
2748,50962,23,542.55,215,First,International
2749,78491,7,253.8,210,Business,Domestic
2750,46528,25,705.63,285,First,International
2751,9268,12,431.52,216,Business,Domestic
2752,19693,16,390.8,48,Economy,International
2753,26601,15,515.16,162,Economy,Domestic
2754,93176,7,588.33,192,Business,Domestic
2755,70975,8,227.74,144,Business,International
2756,49139,7,736.99,158,Economy,Domestic
2757,14227,11,894.65,179,Economy,Domestic
2758,44701,4,350.19,25,First,Domestic
2759,96053,28,262.35,99,Economy,International
2760,96238,18,784.45,110,First,International
2761,72925,19,265.19,269,Business,Domestic
2762,63425,7,137.13,50,First,Domestic
2763,95111,27,657.32,14,Business,Domestic
2764,46229,27,315.78,127,First,International
2765,86478,13,254.63,139,First,Domestic
2766,90928,9,983.44,241,First,Domestic
2767,83765,29,362.68,45,Business,Domestic
2768,26268,27,913.1,233,Business,International
2769,78776,18,260.4,71,First,Domestic
2770,63448,7,837.08,94,Business,International
2771,97536,20,551.82,284,First,Domestic
2772,67868,16,170.74,131,Business,Domestic
2773,12229,23,760.24,280,First,Domestic
2774,46292,28,902.87,31,Economy,International
2775,7300,5,246.72,36,Economy,Domestic
2776,84194,7,753.03,125,First,Domestic
2777,40934,6,500.55,137,Business,Domestic
2778,26820,29,778.48,99,First,International
2779,66873,2,742.54,241,Economy,Domestic
2780,37062,28,123.94,244,Economy,Domestic
2781,96442,7,260.85,26,First,Domestic
2782,50488,21,523.92,208,Economy,International
2783,14445,9,940.23,98,First,International
2784,2867,13,407.87,136,Economy,International
2785,95117,29,665.99,186,Business,International
2786,89834,27,110.88,35,Business,International
2787,67030,17,740.01,117,Business,Domestic
2788,5642,17,642.76,157,First,International
2789,9352,15,743.86,274,First,International
2790,3036,18,914.19,168,Business,International
2791,65092,24,231.85,54,Business,International
2792,15722,15,335.43,83,Business,International
2793,49324,11,996.2,5,Economy,International
2794,17186,25,240.66,255,Business,Domestic
2795,60085,27,748.56,197,Economy,Domestic
2796,88003,27,752.57,151,Business,International
2797,92487,12,714.69,169,First,International
2798,59897,23,304.7,247,Business,International
2799,3281,17,293.62,248,Economy,International
2800,97231,12,699.71,149,Business,Domestic
2801,43828,7,267.63,209,Economy,International
2802,2601,29,695.41,227,Business,Domestic
2803,45787,24,543.28,243,Economy,Domestic
2804,2299,7,447.97,140,Economy,Domestic
2805,59054,29,370.21,119,Business,Domestic
2806,15794,28,952.82,292,Business,International
2807,96684,21,557.28,179,First,Domestic
2808,96249,28,605.13,124,First,International
2809,54319,23,954.33,241,First,International
2810,17026,10,688.49,211,Economy,Domestic
2811,97633,16,962.07,16,Economy,Domestic
2812,19430,11,195.73,15,First,Domestic
2813,48785,16,861.98,256,First,International
2814,22858,2,401.87,285,Business,Domestic
2815,85118,25,829.44,279,First,International
2816,4332,2,870.07,45,Economy,International
2817,34871,18,344.34,257,Business,International
2818,69713,5,467.95,142,First,International
2819,29170,14,753.41,284,First,Domestic
2820,64455,8,189.15,12,First,Domestic
2821,97139,6,779.98,44,Business,Domestic
2822,87421,28,199.43,46,Business,Domestic
2823,39809,9,923.01,15,Business,Domestic
2824,96264,6,348.71,106,First,Domestic
2825,75263,21,618.04,2,Business,International
2826,81068,17,205.44,103,Business,Domestic
2827,40828,8,342.54,94,Business,International
2828,92181,3,463.56,132,Business,International
2829,46329,12,538.34,270,Economy,International
2830,64206,13,100.06,200,First,International
2831,25708,18,899.79,253,Business,Domestic
2832,83183,23,106.91,182,Economy,Domestic
2833,16956,11,796.32,149,Economy,International
2834,84972,2,523.52,36,First,International
2835,64756,14,571.49,138,First,Domestic
2836,81604,1,287.44,99,Business,International
2837,88745,27,646.63,235,First,Domestic
2838,80268,15,583.51,83,First,International
2839,63809,29,247.81,32,First,International
2840,88964,18,314.31,120,First,Domestic
2841,5089,22,160.21,29,Business,Domestic
2842,31788,18,159.66,33,Economy,Domestic
2843,93959,17,112.4,132,First,Domestic
2844,99661,1,298.43,207,Economy,Domestic
2845,80535,14,711.7,139,Economy,Domestic
2846,75478,20,384.59,75,Economy,Domestic
2847,16840,24,408.46,74,First,International
2848,4250,22,218.71,57,First,Domestic
2849,56714,16,617.92,97,Business,International
2850,68794,4,407.93,124,First,Domestic
2851,99887,22,708.69,133,First,Domestic
2852,86358,6,767.31,225,First,International
2853,81037,25,626.22,199,Economy,International
2854,56509,16,348.46,36,Business,International
2855,11768,20,557.75,137,Economy,International
2856,65684,6,326.74,207,Business,Domestic
2857,92264,15,912.62,193,First,Domestic
2858,48999,26,789.75,55,First,Domestic
2859,19167,1,543.71,86,Economy,Domestic
2860,51245,7,968.91,94,Economy,Domestic
2861,87452,23,592.08,195,Economy,International
2862,49505,11,395.68,191,Business,Domestic
2863,6117,1,185.92,143,Economy,Domestic
2864,41706,8,589.37,9,First,International
2865,11333,14,874.37,240,Business,International
2866,98838,5,880.05,148,Business,International
2867,15922,13,644.11,139,First,Domestic
2868,85053,15,454.09,12,Economy,International
2869,58861,9,685.27,253,Economy,International
2870,26317,8,785.93,80,First,International
2871,72656,19,470.46,209,First,International
2872,3477,17,528.63,219,First,International
2873,87878,19,712.55,58,First,Domestic
2874,7137,18,888.99,127,Business,Domestic
2875,36644,18,811.91,261,Business,International
2876,99346,27,120.15,267,Economy,International
2877,39597,4,211.94,28,Business,International
2878,9595,2,867.5,281,Business,International
2879,26902,24,850.44,67,Business,International
2880,47261,5,449.93,206,First,International
2881,89266,17,625.85,271,Business,Domestic
2882,7686,22,915.26,174,Economy,International
2883,44109,28,920.4,217,Business,International
2884,64039,7,804.78,159,First,International
2885,60737,29,288.63,243,Business,International
2886,52802,16,757.25,252,Economy,Domestic
2887,95649,1,190.99,188,Business,International
2888,98462,29,904.54,260,Economy,Domestic
2889,82197,12,234.23,129,First,International
2890,51029,19,696.11,2,Economy,International
2891,35654,9,649.22,42,Economy,International
2892,67839,16,799.21,132,First,International
2893,51892,29,596.42,177,Economy,Domestic
2894,84032,7,153.61,265,Business,International
2895,65936,29,735.26,23,Business,Domestic
2896,88960,15,444.84,21,Economy,Domestic
2897,73988,12,388.26,2,Business,International
2898,27474,4,992.51,157,Business,Domestic
2899,39886,6,631.36,3,First,Domestic
2900,98409,6,739.65,106,Economy,International
2901,15426,15,573.69,295,Business,International
2902,34335,28,792.98,271,Economy,International
2903,31541,3,776.87,231,Economy,International
2904,75916,2,691.43,237,Business,International
2905,78340,5,997.97,71,First,International
2906,92092,8,513.81,87,First,Domestic
2907,5965,19,735.57,15,Economy,International
2908,66704,21,818.0,90,First,Domestic
2909,45124,16,438.43,19,Business,International
2910,69207,19,511.46,211,Business,Domestic
2911,17762,23,972.25,83,First,Domestic
2912,30904,16,129.06,125,First,Domestic
2913,68468,6,401.77,50,Economy,International
2914,15213,22,537.59,17,First,Domestic
2915,33961,1,101.32,116,Economy,International
2916,25839,18,909.21,123,Business,Domestic
2917,30942,22,357.62,27,First,International
2918,31325,8,331.93,140,Economy,International
2919,92583,5,838.29,5,Economy,Domestic
2920,11207,12,350.18,156,Economy,International
2921,96971,18,691.86,105,Economy,International
2922,71152,5,839.35,118,Business,International
2923,74414,25,813.23,136,First,Domestic
2924,15814,22,803.76,28,Economy,International
2925,18684,29,179.77,165,First,International
2926,36968,13,171.86,64,First,Domestic
2927,4373,21,376.09,55,Business,Domestic
2928,91685,26,132.35,285,First,International
2929,16178,22,550.39,95,Business,Domestic
2930,26956,29,455.3,214,Business,International
2931,65683,12,601.32,230,Economy,Domestic
2932,41692,16,368.91,57,Business,Domestic
2933,45119,14,537.18,183,Economy,Domestic
2934,92635,11,401.27,281,Business,Domestic
2935,5991,28,275.69,270,Business,International
2936,6202,9,684.43,208,First,Domestic
2937,21316,23,706.09,162,Economy,International
2938,30695,10,846.31,88,First,International
2939,4622,16,887.28,270,Business,International
2940,61737,19,734.02,96,Economy,Domestic
2941,58132,10,718.75,74,Business,Domestic
2942,2610,26,151.01,87,Business,Domestic
2943,42572,21,198.8,5,First,Domestic
2944,17988,4,831.31,155,Economy,International
2945,96862,27,309.66,62,Economy,Domestic
2946,67156,21,420.01,28,Economy,International
2947,16335,8,230.77,190,Business,Domestic
2948,3602,11,275.64,203,Economy,Domestic
2949,93295,6,797.88,277,Business,International
2950,56625,4,335.67,26,Business,Domestic
2951,86720,21,504.13,84,Business,Domestic
2952,89458,27,236.5,209,Economy,International
2953,99459,23,710.14,137,First,Domestic
2954,81934,24,755.44,277,Business,International
2955,94465,5,425.52,171,First,International
2956,62255,18,806.27,155,Economy,Domestic
2957,61261,22,315.92,228,Economy,International
2958,16903,25,722.71,178,Economy,International
2959,12309,3,756.97,246,Economy,Domestic
2960,36483,7,971.79,161,Economy,Domestic
2961,9070,24,309.09,162,First,Domestic
2962,34217,22,184.34,217,Economy,International
2963,95961,12,336.73,285,Economy,International
2964,62305,3,210.58,75,Economy,Domestic
2965,16106,17,252.72,203,Economy,International
2966,34837,3,400.7,215,Economy,International
2967,5017,11,472.59,222,Business,Domestic
2968,30420,6,913.35,192,Business,Domestic
2969,94703,11,276.05,292,First,Domestic
2970,14582,4,974.58,191,Economy,International
2971,80403,17,829.14,268,First,International
2972,85205,22,893.32,259,First,Domestic
2973,76763,1,936.5,191,Economy,International
2974,51551,12,777.92,270,Economy,Domestic
2975,82483,24,809.9,103,Business,Domestic
2976,78468,3,494.04,203,Economy,Domestic
2977,11985,16,559.41,183,Business,International
2978,7375,3,939.24,216,First,International
2979,16805,14,440.43,90,First,International
2980,18107,17,137.75,197,Business,International
2981,43401,19,786.48,38,Business,International
2982,74071,7,615.84,196,Economy,International
2983,38588,26,833.39,78,Business,Domestic
2984,17470,24,168.0,216,Business,Domestic
2985,25081,11,659.11,93,Economy,Domestic
2986,7846,16,322.94,171,First,Domestic
2987,70685,24,912.94,42,Business,International
2988,30925,19,198.92,131,Economy,Domestic
2989,54989,5,858.76,76,Economy,Domestic
2990,69748,1,179.7,231,Business,Domestic
2991,70458,25,122.59,38,First,International
2992,97080,24,311.55,53,Economy,Domestic
2993,98601,10,399.74,150,Business,Domestic
2994,48697,18,663.88,187,First,Domestic
2995,93601,10,218.55,185,Business,Domestic
2996,23694,1,493.6,134,Economy,International
2997,7042,29,283.84,172,Economy,International
2998,9013,13,869.77,268,Economy,Domestic
2999,32285,4,140.47,114,Business,Domestic
